{
    "logistic_metrics": {
        "accuracy": 0.9648682559598495,
        "precision": 0.9613838937677011,
        "recall": 0.9648682559598495,
        "f1": 0.9616250290722113
    }
}